﻿<?xml version="1.0" encoding="utf-8"?>
<doc>
  <assembly>
    <name>Microsoft.AspNet.Membership.OpenAuth</name>
  </assembly>
  <members>
    <member name="T:Microsoft.AspNet.Membership.OpenAuth.AuthenticationClientManager"></member>
    <member name="M:Microsoft.AspNet.Membership.OpenAuth.AuthenticationClientManager.#ctor">
      <summary>初始化 <see cref="T:Microsoft.AspNet.Membership.OpenAuth.AuthenticationClientManager" /> 类的新实例。</summary>
    </member>
    <member name="M:Microsoft.AspNet.Membership.OpenAuth.AuthenticationClientManager.Add(System.String,System.Func{DotNetOpenAuth.AspNet.IAuthenticationClient})"></member>
    <member name="M:Microsoft.AspNet.Membership.OpenAuth.AuthenticationClientManager.Add(System.String,System.Func{DotNetOpenAuth.AspNet.IAuthenticationClient},System.Collections.Generic.IDictionary{System.String,System.String})"></member>
    <member name="M:Microsoft.AspNet.Membership.OpenAuth.AuthenticationClientManager.Add(System.String,System.Func{DotNetOpenAuth.AspNet.IAuthenticationClient},System.Object)"></member>
    <member name="M:Microsoft.AspNet.Membership.OpenAuth.AuthenticationClientManager.GetAll"></member>
    <member name="M:Microsoft.AspNet.Membership.OpenAuth.AuthenticationClientManager.GetByProviderName(System.String)"></member>
    <member name="M:Microsoft.AspNet.Membership.OpenAuth.AuthenticationClientManager.GetDisplayName(System.String)"></member>
    <member name="M:Microsoft.AspNet.Membership.OpenAuth.AuthenticationClientManager.TryGetByProviderName(System.String,DotNetOpenAuth.AspNet.IAuthenticationClient@)"></member>
    <member name="T:Microsoft.AspNet.Membership.OpenAuth.AuthenticationClientManagerExtensions"></member>
    <member name="M:Microsoft.AspNet.Membership.OpenAuth.AuthenticationClientManagerExtensions.AddFacebook(Microsoft.AspNet.Membership.OpenAuth.AuthenticationClientManager,System.String,System.String)">
      <summary>添加使用 Facebook 帐户登录的支持。</summary>
      <param name="clients">OpenAuth 客户端管理器。</param>
      <param name="appId">你的 Facebook appId。</param>
      <param name="appSecret">你的 Facebook appSecret。</param>
    </member>
    <member name="M:Microsoft.AspNet.Membership.OpenAuth.AuthenticationClientManagerExtensions.AddFacebook(Microsoft.AspNet.Membership.OpenAuth.AuthenticationClientManager,System.String,System.String,System.Object)">
      <summary>添加使用 Facebook 帐户登录的支持。</summary>
      <param name="clients">OpenAuth 客户端管理器。</param>
      <param name="appId">你的 Facebook appId。</param>
      <param name="appSecret">你的 Facebook appSecret。</param>
    </member>
    <member name="M:Microsoft.AspNet.Membership.OpenAuth.AuthenticationClientManagerExtensions.AddGoogle(Microsoft.AspNet.Membership.OpenAuth.AuthenticationClientManager)">
      <summary>添加使用 Google 帐户登录的支持。</summary>
      <param name="clients">OpenAuth 客户端管理器。</param>
    </member>
    <member name="M:Microsoft.AspNet.Membership.OpenAuth.AuthenticationClientManagerExtensions.AddGoogle(Microsoft.AspNet.Membership.OpenAuth.AuthenticationClientManager,System.Object)">
      <summary>添加使用 Google 帐户登录的支持。</summary>
      <param name="clients">OpenAuth 客户端管理器。</param>
    </member>
    <member name="M:Microsoft.AspNet.Membership.OpenAuth.AuthenticationClientManagerExtensions.AddMicrosoft(Microsoft.AspNet.Membership.OpenAuth.AuthenticationClientManager,System.String,System.String)">
      <summary>添加使用 Microsoft 帐户登录的支持。</summary>
      <param name="clients">OpenAuth 客户端管理器。</param>
    </member>
    <member name="M:Microsoft.AspNet.Membership.OpenAuth.AuthenticationClientManagerExtensions.AddMicrosoft(Microsoft.AspNet.Membership.OpenAuth.AuthenticationClientManager,System.String,System.String,System.Object)">
      <summary>添加使用 Microsoft 帐户登录的支持。</summary>
      <param name="clients">OpenAuth 客户端管理器。</param>
    </member>
    <member name="M:Microsoft.AspNet.Membership.OpenAuth.AuthenticationClientManagerExtensions.AddTwitter(Microsoft.AspNet.Membership.OpenAuth.AuthenticationClientManager,System.String,System.String)">
      <summary>  添加使用 Twitter 帐户登录的支持。</summary>
      <param name="clients">OpenAuth 客户端管理器。</param>
    </member>
    <member name="M:Microsoft.AspNet.Membership.OpenAuth.AuthenticationClientManagerExtensions.AddTwitter(Microsoft.AspNet.Membership.OpenAuth.AuthenticationClientManager,System.String,System.String,System.Object)">
      <summary>  添加使用 Twitter 帐户登录的支持。</summary>
      <param name="clients">OpenAuth 客户端管理器。</param>
    </member>
    <member name="T:Microsoft.AspNet.Membership.OpenAuth.CreateResult"></member>
    <member name="P:Microsoft.AspNet.Membership.OpenAuth.CreateResult.ErrorMessage"></member>
    <member name="P:Microsoft.AspNet.Membership.OpenAuth.CreateResult.IsSuccessful"></member>
    <member name="T:Microsoft.AspNet.Membership.OpenAuth.EFOpenAuthMembershipDatabase">
      <summary>一个实现，它使用“Entity Framework 代码优先”存储成员资格用户与 OAuth/OpenID 提供程序之间的关联数据。</summary>
    </member>
    <member name="M:Microsoft.AspNet.Membership.OpenAuth.EFOpenAuthMembershipDatabase.#ctor(System.String,System.String,System.Func{System.String,System.String})"></member>
    <member name="M:Microsoft.AspNet.Membership.OpenAuth.EFOpenAuthMembershipDatabase.AddAccount(System.String,System.String,System.String,System.String,System.Boolean)"></member>
    <member name="M:Microsoft.AspNet.Membership.OpenAuth.EFOpenAuthMembershipDatabase.DeleteAccount(System.String,System.String,System.String)"></member>
    <member name="M:Microsoft.AspNet.Membership.OpenAuth.EFOpenAuthMembershipDatabase.GetAccountsForUser(System.String)"></member>
    <member name="M:Microsoft.AspNet.Membership.OpenAuth.EFOpenAuthMembershipDatabase.GetMembershipUserName(System.String,System.String,System.Boolean)"></member>
    <member name="M:Microsoft.AspNet.Membership.OpenAuth.EFOpenAuthMembershipDatabase.HasLocalPassword(System.String)"></member>
    <member name="M:Microsoft.AspNet.Membership.OpenAuth.EFOpenAuthMembershipDatabase.SetHasLocalPassword(System.String,System.Boolean)"></member>
    <member name="T:Microsoft.AspNet.Membership.OpenAuth.IMembership"></member>
    <member name="P:Microsoft.AspNet.Membership.OpenAuth.IMembership.ApplicationName"></member>
    <member name="M:Microsoft.AspNet.Membership.OpenAuth.IMembership.CreateUser(System.String,System.String,System.String,System.String,System.String,System.Boolean,System.Web.Security.MembershipCreateStatus@)"></member>
    <member name="M:Microsoft.AspNet.Membership.OpenAuth.IMembership.DeleteUser(System.Object,System.Boolean)"></member>
    <member name="M:Microsoft.AspNet.Membership.OpenAuth.IMembership.DeleteUser(System.String,System.Boolean)"></member>
    <member name="M:Microsoft.AspNet.Membership.OpenAuth.IMembership.GeneratePassword(System.Int32,System.Int32)"></member>
    <member name="M:Microsoft.AspNet.Membership.OpenAuth.IMembership.GetUser(System.String)"></member>
    <member name="M:Microsoft.AspNet.Membership.OpenAuth.IMembership.UpdateUser(System.Web.Security.MembershipUser)"></member>
    <member name="T:Microsoft.AspNet.Membership.OpenAuth.MembershipAdapter">
      <summary>封装静态成员资格系统 API。</summary>
    </member>
    <member name="M:Microsoft.AspNet.Membership.OpenAuth.MembershipAdapter.#ctor"></member>
    <member name="P:Microsoft.AspNet.Membership.OpenAuth.MembershipAdapter.ApplicationName"></member>
    <member name="M:Microsoft.AspNet.Membership.OpenAuth.MembershipAdapter.CreateUser(System.String,System.String,System.String,System.String,System.String,System.Boolean,System.Web.Security.MembershipCreateStatus@)"></member>
    <member name="M:Microsoft.AspNet.Membership.OpenAuth.MembershipAdapter.DeleteUser(System.Object,System.Boolean)"></member>
    <member name="M:Microsoft.AspNet.Membership.OpenAuth.MembershipAdapter.DeleteUser(System.String,System.Boolean)"></member>
    <member name="M:Microsoft.AspNet.Membership.OpenAuth.MembershipAdapter.GeneratePassword(System.Int32,System.Int32)"></member>
    <member name="M:Microsoft.AspNet.Membership.OpenAuth.MembershipAdapter.GetUser(System.String)"></member>
    <member name="M:Microsoft.AspNet.Membership.OpenAuth.MembershipAdapter.UpdateUser(System.Web.Security.MembershipUser)"></member>
    <member name="T:Microsoft.AspNet.Membership.OpenAuth.OpenAuth">
      <summary>提供静态方法，用于在 ASP.NET 应用程序中管理 OpenAuth 登录和帐户信息。</summary>
    </member>
    <member name="M:Microsoft.AspNet.Membership.OpenAuth.OpenAuth.AddAccountToExistingUser(System.String,System.String,System.String,System.String)">
      <summary>向现有的成员资格用户添加外部登录帐户。</summary>
      <param name="providerName">外部身份验证提供程序的名称。</param>
      <param name="providerUserId">使用外部身份验证提供程序的用户的用户 ID。</param>
      <param name="providerUserName">使用外部身份验证提供程序的用户的用户名。</param>
      <param name="membershipUserName">本地成员资格用户的用户名。</param>
    </member>
    <member name="M:Microsoft.AspNet.Membership.OpenAuth.OpenAuth.AddLocalPassword(System.String,System.String)">
      <summary>为指定的本地用户提供本地密码。</summary>
      <param name="userName">用户名。</param>
      <param name="password">新的本地密码。</param>
    </member>
    <member name="P:Microsoft.AspNet.Membership.OpenAuth.OpenAuth.AuthenticationClients">
      <summary>要使用的外部身份验证服务提供程序。</summary>
    </member>
    <member name="P:Microsoft.AspNet.Membership.OpenAuth.OpenAuth.ConnectionString">
      <summary>获取或设置存储 OpenAuth 帐户详细信息的数据库的连接字符串名称。</summary>
    </member>
    <member name="M:Microsoft.AspNet.Membership.OpenAuth.OpenAuth.CreateUser(System.String,System.String,System.String,System.String)"></member>
    <member name="M:Microsoft.AspNet.Membership.OpenAuth.OpenAuth.CreateUser(System.String,System.String,System.String,System.String,System.String,System.String,System.String,System.String)"></member>
    <member name="M:Microsoft.AspNet.Membership.OpenAuth.OpenAuth.DeleteAccount(System.String,System.String,System.String)">
      <summary>删除指定成员资格用户的指定外部帐户的关联。</summary>
      <returns>如果已成功删除关联，则为 true；如果找不到该关联，则为 false。</returns>
      <param name="membershipUserName">本地成员资格用户的用户名。</param>
      <param name="providerName">身份验证提供程序名称。</param>
      <param name="providerUserId">使用身份验证提供程序的用户的用户 ID。</param>
    </member>
    <member name="M:Microsoft.AspNet.Membership.OpenAuth.OpenAuth.GetAccountsForUser(System.String)">
      <summary>返回为指定成员资格用户注册的外部帐户的详细信息。</summary>
      <param name="membershipUserName">本地成员资格用户的用户名。</param>
    </member>
    <member name="M:Microsoft.AspNet.Membership.OpenAuth.OpenAuth.GetProviderDisplayName(System.String)">
      <summary>获取提供程序显示名称。</summary>
      <param name="providerName">提供程序的名称。</param>
    </member>
    <member name="M:Microsoft.AspNet.Membership.OpenAuth.OpenAuth.GetProviderNameFromCurrentRequest">
      <summary>获取已重定向到当前请求的外部身份验证提供程序的名称。</summary>
    </member>
    <member name="M:Microsoft.AspNet.Membership.OpenAuth.OpenAuth.HasLocalPassword(System.String)">
      <summary>确定指定的用户在此站点上是否具有本地密码。</summary>
      <param name="membershipUserName">本地成员资格用户名。</param>
    </member>
    <member name="M:Microsoft.AspNet.Membership.OpenAuth.OpenAuth.IsLocalUrl(System.String)">
      <summary>确定指定的 URL 是否为此网站的本地 URL。</summary>
      <param name="url">URL。</param>
    </member>
    <member name="M:Microsoft.AspNet.Membership.OpenAuth.OpenAuth.Login(System.String,System.String,System.Boolean)">
      <summary>使用指定的身份验证提供程序和提供程序用户 ID 通过 OpenAuth 使用户登录。必须已使用此 OpenAuth 提供程序在站点上注册了该用户。</summary>
      <returns>如果用户已成功登录，则为 true；如果登录失败（例如，如果当前未注册该用户），则为 false。</returns>
      <param name="providerName">身份验证提供程序名称。</param>
      <param name="providerUserId">使用身份验证提供程序的用户的用户 ID。</param>
      <param name="createPersistentCookie">一个标记，该标记指示创建的登录 Cookie 是否应为持久 Cookie。</param>
    </member>
    <member name="M:Microsoft.AspNet.Membership.OpenAuth.OpenAuth.RequestAuthentication(System.String,System.String)">
      <summary>通过将用户重定向到服务的登录页，从指定的提供程序请求身份验证。</summary>
      <param name="providerName">身份验证提供程序的名称。</param>
      <param name="returnUrl">要返回到的本地 URL。</param>
    </member>
    <member name="P:Microsoft.AspNet.Membership.OpenAuth.OpenAuth.UsersAccountsTableName">
      <summary>获取或设置存储 OpenAuth 外部帐户详细信息的数据库表的名称。</summary>
    </member>
    <member name="P:Microsoft.AspNet.Membership.OpenAuth.OpenAuth.UsersDataTableName">
      <summary>获取或设置存储 OpenAuth 用户详细信息的数据库表的名称。</summary>
    </member>
    <member name="M:Microsoft.AspNet.Membership.OpenAuth.OpenAuth.VerifyAuthentication(System.String)">
      <summary>针对当前请求验证提供程序结果。</summary>
      <param name="returnUrl">要传递到外部身份验证提供程序的返回 URL。此 URL 必须与已传递到 RequestAuthentication 调用的返回 URL 相匹配。</param>
    </member>
    <member name="T:Microsoft.AspNet.Membership.OpenAuth.OpenAuthAccountData"></member>
    <member name="M:Microsoft.AspNet.Membership.OpenAuth.OpenAuthAccountData.#ctor(System.String,System.String,System.String,System.String,System.Nullable{System.DateTime})">
      <summary>初始化 <see cref="T:Microsoft.AspNet.Membership.OpenAuth.OpenAuthAccountData" /> 类的新实例。</summary>
    </member>
    <member name="P:Microsoft.AspNet.Membership.OpenAuth.OpenAuthAccountData.LastUsedUtc"></member>
    <member name="P:Microsoft.AspNet.Membership.OpenAuth.OpenAuthAccountData.ProviderDisplayName"></member>
    <member name="P:Microsoft.AspNet.Membership.OpenAuth.OpenAuthAccountData.ProviderName"></member>
    <member name="P:Microsoft.AspNet.Membership.OpenAuth.OpenAuthAccountData.ProviderUserId"></member>
    <member name="P:Microsoft.AspNet.Membership.OpenAuth.OpenAuthAccountData.ProviderUserName"></member>
    <member name="T:Microsoft.AspNet.Membership.OpenAuth.OpenAuthManager">
      <summary>提供方法，用于在 ASP.NET 应用程序中管理 OpenAuth 登录和帐户信息。</summary>
    </member>
    <member name="M:Microsoft.AspNet.Membership.OpenAuth.OpenAuthManager.#ctor(Microsoft.AspNet.Membership.OpenAuth.IMembership,Microsoft.AspNet.Membership.OpenAuth.OpenAuthMembershipDatabase,Microsoft.AspNet.Membership.OpenAuth.AuthenticationClientManager)"></member>
    <member name="M:Microsoft.AspNet.Membership.OpenAuth.OpenAuthManager.AddAccountToExistingUser(System.String,System.String,System.String,System.String)">
      <summary>向现有的成员资格用户添加外部登录帐户。</summary>
      <param name="providerName">外部身份验证提供程序的名称。</param>
      <param name="providerUserId">使用外部身份验证提供程序的用户的用户 ID。</param>
      <param name="providerUserName">使用外部身份验证提供程序的用户的用户名。</param>
      <param name="membershipUserName">本地成员资格用户的用户名。</param>
    </member>
    <member name="M:Microsoft.AspNet.Membership.OpenAuth.OpenAuthManager.AddLocalPassword(System.String,System.String)">
      <summary>为指定的本地用户提供本地密码。</summary>
      <param name="userName">用户名。</param>
      <param name="password">新的本地密码。</param>
    </member>
    <member name="M:Microsoft.AspNet.Membership.OpenAuth.OpenAuthManager.CreateRandomPassword">
      <summary>创建随机密码，以供在创建新的本地成员资格用户时使用。默认情况下，此方法只是调用 Membership.GeneratePassword 方法。</summary>
    </member>
    <member name="M:Microsoft.AspNet.Membership.OpenAuth.OpenAuthManager.CreateUser(System.String,System.String,System.String,System.String)"></member>
    <member name="M:Microsoft.AspNet.Membership.OpenAuth.OpenAuthManager.CreateUser(System.String,System.String,System.String,System.String,System.String,System.String,System.String,System.String)"></member>
    <member name="M:Microsoft.AspNet.Membership.OpenAuth.OpenAuthManager.DeleteAccount(System.String,System.String,System.String)">
      <summary>删除指定成员资格用户的指定外部帐户的关联。</summary>
      <returns>如果已成功删除关联，则为 true；如果找不到该关联，则为 false。</returns>
      <param name="membershipUserName">本地成员资格用户的用户名。</param>
      <param name="providerName">身份验证提供程序名称。</param>
      <param name="providerUserId">使用身份验证提供程序的用户的用户 ID。</param>
    </member>
    <member name="M:Microsoft.AspNet.Membership.OpenAuth.OpenAuthManager.GetAccountsForUser(System.String)">
      <summary>返回为指定成员资格用户注册的外部帐户的详细信息。</summary>
      <param name="membershipUserName">本地成员资格用户的用户名。</param>
    </member>
    <member name="M:Microsoft.AspNet.Membership.OpenAuth.OpenAuthManager.GetProviderDisplayName(System.String)">
      <summary>获取提供程序显示名称。</summary>
      <param name="providerName">提供程序的名称。</param>
    </member>
    <member name="M:Microsoft.AspNet.Membership.OpenAuth.OpenAuthManager.GetProviderName(System.Web.HttpContextBase)">
      <summary>获取已重定向到指定请求的外部身份验证提供程序的名称。</summary>
    </member>
    <member name="M:Microsoft.AspNet.Membership.OpenAuth.OpenAuthManager.HasLocalPassword(System.String)">
      <summary>确定指定的成员资格用户在此站点上是否具有本地密码。</summary>
      <param name="membershipUserName">本地成员资格用户名。</param>
    </member>
    <member name="M:Microsoft.AspNet.Membership.OpenAuth.OpenAuthManager.IsLocalUrl(System.String)">
      <summary>确定指定的 URL 是否为此网站的本地 URL</summary>
      <param name="url">URL</param>
    </member>
    <member name="M:Microsoft.AspNet.Membership.OpenAuth.OpenAuthManager.Login(System.Web.HttpContextBase,System.String,System.String,System.Boolean)">
      <summary>使用指定的身份验证提供程序和提供程序用户 ID 通过 OpenAuth 使用户登录。必须已使用此 OpenAuth 提供程序在站点上注册了该用户。</summary>
      <returns>如果用户已成功登录，则为 true；如果登录失败（例如，如果当前未注册该用户），则为 false。</returns>
      <param name="providerName">身份验证提供程序名称。</param>
      <param name="providerUserId">使用身份验证提供程序的用户的用户 ID。</param>
      <param name="createPersistentCookie">一个标记，该标记指示创建的登录 Cookie 是否应为持久 Cookie。</param>
    </member>
    <member name="M:Microsoft.AspNet.Membership.OpenAuth.OpenAuthManager.RequestAuthentication(System.Web.HttpContextBase,System.String,System.String)">
      <summary>通过将用户重定向到服务的登录页，从指定的提供程序请求身份验证。</summary>
      <param name="context">当前 HTTP 上下文。</param>
      <param name="providerName">身份验证提供程序的名称。</param>
      <param name="returnUrl">要返回到的本地 URL。</param>
    </member>
    <member name="M:Microsoft.AspNet.Membership.OpenAuth.OpenAuthManager.VerifyAuthentication(System.Web.HttpContextBase,System.String)">
      <summary>针对当前请求验证提供程序结果。</summary>
      <param name="context">当前 HTTP 上下文。</param>
      <param name="returnUrl">要传递到外部身份验证提供程序的返回 URL。此 URL 必须与已传递到 RequestAuthentication 调用的返回 URL 相匹配。</param>
    </member>
    <member name="T:Microsoft.AspNet.Membership.OpenAuth.OpenAuthMembershipDatabase">
      <summary>表示用于存储成员资格用户与 OAuth/OpenID 提供程序之间的关联数据的数据库。</summary>
    </member>
    <member name="M:Microsoft.AspNet.Membership.OpenAuth.OpenAuthMembershipDatabase.#ctor(System.String)">
      <summary>创建一个实例。</summary>
      <param name="applicationName">成员资格应用程序名称。</param>
    </member>
    <member name="M:Microsoft.AspNet.Membership.OpenAuth.OpenAuthMembershipDatabase.AddAccount(System.String,System.String,System.String,System.String,System.Boolean)">
      <summary>添加一条将 OAuth/OpenID 帐户与成员资格用户关联的记录。</summary>
      <param name="providerName">OAuth/OpenID 提供程序的名称。</param>
      <param name="providerUserId">OAuth/OpenID 用户 ID。</param>
      <param name="providerUserName">OAuth/OpenID 用户名。</param>
      <param name="membershipUserName">成员资格用户的用户名。</param>
      <param name="isNewMembershipUser">一个标记，该标记指示此帐户关联是否针对新的成员资格用户。</param>
    </member>
    <member name="P:Microsoft.AspNet.Membership.OpenAuth.OpenAuthMembershipDatabase.ApplicationName">
      <summary>成员资格应用程序名称。</summary>
    </member>
    <member name="M:Microsoft.AspNet.Membership.OpenAuth.OpenAuthMembershipDatabase.DeleteAccount(System.String,System.String,System.String)">
      <summary>删除指定成员资格用户的 OAuth/OpenID 帐户的关联记录。</summary>
    </member>
    <member name="M:Microsoft.AspNet.Membership.OpenAuth.OpenAuthMembershipDatabase.GetAccountsForUser(System.String)">
      <summary>返回为指定成员资格用户注册的 OAuth/OpenID 提供程序的详细信息。</summary>
      <param name="membershipUserName">成员资格用户名。</param>
    </member>
    <member name="M:Microsoft.AspNet.Membership.OpenAuth.OpenAuthMembershipDatabase.GetMembershipUserName(System.String,System.String,System.Boolean)">
      <summary>获取当前与指定的 OAuth/OpenID 提供程序关联的成员资格用户的用户名。</summary>
      <param name="providerName">OAuth/OpenID 提供程序的名称。</param>
      <param name="providerUserId">OAuth/OpenID 用户 ID。</param>
      <param name="updateLastUsed">一个标记，该标记指示是否要更新上次使用的字段。</param>
    </member>
    <member name="M:Microsoft.AspNet.Membership.OpenAuth.OpenAuthMembershipDatabase.HasLocalPassword(System.String)">
      <summary>返回一个标记，该标记指示是否为指定的成员资格用户设置了本地密码。</summary>
      <param name="membershipUserName">成员资格用户的用户名。</param>
    </member>
    <member name="M:Microsoft.AspNet.Membership.OpenAuth.OpenAuthMembershipDatabase.SetHasLocalPassword(System.String,System.Boolean)">
      <summary>设置一个标记，该标记指示是否为指定的成员资格用户设置了本地密码。</summary>
      <param name="membershipUserName">成员资格用户的用户名。</param>
      <param name="value">标记值。</param>
    </member>
    <member name="T:Microsoft.AspNet.Membership.OpenAuth.ProviderDetails"></member>
    <member name="P:Microsoft.AspNet.Membership.OpenAuth.ProviderDetails.DataBag"></member>
    <member name="P:Microsoft.AspNet.Membership.OpenAuth.ProviderDetails.ExtraData"></member>
    <member name="P:Microsoft.AspNet.Membership.OpenAuth.ProviderDetails.ProviderDisplayName"></member>
    <member name="P:Microsoft.AspNet.Membership.OpenAuth.ProviderDetails.ProviderName"></member>
    <member name="T:Microsoft.AspNet.Membership.OpenAuth.SetPasswordResult"></member>
    <member name="P:Microsoft.AspNet.Membership.OpenAuth.SetPasswordResult.ErrorMessage"></member>
    <member name="P:Microsoft.AspNet.Membership.OpenAuth.SetPasswordResult.IsSuccessful"></member>
    <member name="T:Microsoft.AspNet.Membership.OpenAuth.Data.OpenAuthAccount"></member>
    <member name="M:Microsoft.AspNet.Membership.OpenAuth.Data.OpenAuthAccount.#ctor">
      <summary>初始化 <see cref="T:Microsoft.AspNet.Membership.OpenAuth.Data.OpenAuthAccount" /> 类的新实例。</summary>
    </member>
    <member name="P:Microsoft.AspNet.Membership.OpenAuth.Data.OpenAuthAccount.ApplicationName"></member>
    <member name="P:Microsoft.AspNet.Membership.OpenAuth.Data.OpenAuthAccount.LastUsedUtc"></member>
    <member name="P:Microsoft.AspNet.Membership.OpenAuth.Data.OpenAuthAccount.MembershipUserName"></member>
    <member name="P:Microsoft.AspNet.Membership.OpenAuth.Data.OpenAuthAccount.ProviderName"></member>
    <member name="P:Microsoft.AspNet.Membership.OpenAuth.Data.OpenAuthAccount.ProviderUserId"></member>
    <member name="P:Microsoft.AspNet.Membership.OpenAuth.Data.OpenAuthAccount.ProviderUserName"></member>
    <member name="P:Microsoft.AspNet.Membership.OpenAuth.Data.OpenAuthAccount.UserData"></member>
    <member name="T:Microsoft.AspNet.Membership.OpenAuth.Data.OpenAuthUserData"></member>
    <member name="M:Microsoft.AspNet.Membership.OpenAuth.Data.OpenAuthUserData.#ctor">
      <summary>初始化 <see cref="T:Microsoft.AspNet.Membership.OpenAuth.Data.OpenAuthUserData" /> 类的新实例。</summary>
    </member>
    <member name="P:Microsoft.AspNet.Membership.OpenAuth.Data.OpenAuthUserData.Accounts"></member>
    <member name="P:Microsoft.AspNet.Membership.OpenAuth.Data.OpenAuthUserData.ApplicationName"></member>
    <member name="P:Microsoft.AspNet.Membership.OpenAuth.Data.OpenAuthUserData.HasLocalPassword"></member>
    <member name="P:Microsoft.AspNet.Membership.OpenAuth.Data.OpenAuthUserData.MembershipUserName"></member>
  </members>
</doc>