﻿<?xml version="1.0" encoding="utf-8" ?>
<Advertisements>
  <Ad>
    <ImageUrl>~/Images/coco-milk-tea_1.jpg</ImageUrl>
    <AlternateText>Microsoft Main Site</AlternateText>
    <NavigateUrl>~/source_home.aspx</NavigateUrl>
    <Impressions>80</Impressions>
    <Keyword>Topic1</Keyword>
  </Ad>
  <Ad>
    <ImageUrl>~/Images/coco-milk-tea_2.jpg</ImageUrl>
    <AlternateText>Wingtip Toys</AlternateText>
    <Impressions>80</Impressions>
    <NavigateUrl>~/source_home.aspx</NavigateUrl>
    <Keyword>Topic2</Keyword>
  </Ad>
  <Ad>
    <ImageUrl>~/Images/coco-milk-tea_3.jpg</ImageUrl>
    <AlternateText>Wingtip Toys</AlternateText>
    <NavigateUrl>~/source_home.aspx</NavigateUrl>
    <Impressions>80</Impressions>
    <Keyword>Topic3</Keyword>
  </Ad>
  
</Advertisements>
